{
    "id": 41,
    "title": 41,
    "key": "o_41",
    "bool": [
        0,
        0,
        0,
        1
    ],
    "num": [
        0,
        0,
        0,
        0,
        0,
        0
    ],
    "str": [
        "BPieceObject",
        "0",
        "40",
        "40",
        "0",
        "0"
    ],
    "orig": "ldsp_600х400.png",
    "mod": {
        "key": "gltf",
        "name": "LWWH3067_ mmmm.gltf",
        "r": [
            -30,
            4,
            -0.6,
            60,
            40.60000061575763,
            1.5999999040000228
        ],
        "r1": [
            -29.249998244999997,
            -4.532430846172517e-16,
            -0.7999999520000229,
            58.499996489999994,
            40.60000061575763,
            1.5999999040000228
        ]
    },
    "plus": [
        "LWWH406",
        "ЛДСП полка",
        "585×406×16 мм",
        "500",
        "белая"
    ],
    "plus1": [
        "LWOW406",
        "ЛДСП полка",
        "585×406×16 мм",
        "500",
        "дуб венге"
    ],
    "priority": 85,
    "resurs": {
        "array": [
            {
                "name": "LWWH406.png",
                "size": 5376,
                "b": false,
                "i": "icon",
                "i1": "x"
            }
        ]
    },
    "bagY": -1,
    "param": {
        "tOt": false,
        "tNa": false,
        "rO": -1,
        "kesh": false,
        "sG": false,
        "clone": true
    },
    "shadow": {
        "wh": 78,
        "wh2": 128,
        "otKrai": 10,
        "alpha": 0.25
    }
}